{"val/overall_accuracy":0.9706182065217391,"val/a_accuracy":0.941802536231884,"learning_rate":0.002221649712614661,"val/s_accuracy":1,"_runtime":98.534479583,"train/s_accuracy":1,"train/w_accuracy":0.999146174863388,"_step":18,"_wandb":{"runtime":98},"val/d_accuracy":0.9413496376811594,"train/loss":0.4539638158402156,"train/d_accuracy":0.949080398716779,"val/loss":0.2546348173333251,"best_val_loss":0.23952715606361197,"train/overall_accuracy":0.9746255819263354,"train/a_accuracy":0.9502757539080358,"_timestamp":1.761423839793977e+09,"best_epoch":13,"val/w_accuracy":0.9993206521739131,"best_val_accuracy":0.9695425724637681}