{"train/s_accuracy":1,"_timestamp":1.7614234036331542e+09,"_wandb":{"runtime":189},"_step":35,"_runtime":189.901695708,"train/a_accuracy":0.9561703096539163,"val/overall_accuracy":0.9732789855072463,"val/loss":0.2133477162974684,"val/s_accuracy":1,"train/overall_accuracy":0.9756944444444444,"train/loss":0.09582619400583003,"val/w_accuracy":0.9995471014492754,"train/w_accuracy":0.9997723132969034,"train/d_accuracy":0.9468351548269581,"val/a_accuracy":0.9528985507246377,"val/d_accuracy":0.9406702898550725}